dataset,domain,image,width,height,mode,n_objects,has_label_file,n_degenerate,n_out_of_frame,on_disk
beluga_seeker_sam,satellite,21SEP07162703-P3DS_R06C2-014413001050_01_P001_24_5.png,320,320,RGB,1,1,0,0,1
beluga_seeker_sam,satellite,21SEP07162703-P3DS_R07C1-014413001050_01_P001_14_15.png,320,320,RGB,25,1,0,0,1
beluga_seeker_sam,satellite,22JUL31174054-P3DS_R2C1-050169967010_01_P001_37_46.png,320,320,RGB,1,1,0,0,1
beluga_seeker_sam,satellite,22JUL31174054-P3DS_R2C2-050169967010_01_P001_49_20.png,320,320,RGB,6,1,0,0,1
beluga_seeker_sam,satellite,<absent>21SEP07162638-P3DS_R03C1-014413001050_01_P003_38_9.png,320,320,,1,1,0,0,0
beluga_seeker_sam,satellite,<absent>21SEP07162638-P3DS_R04C1-014413001050_01_P003_21_36.png,320,320,,9,1,0,0,0
beluga_seeker_sam,satellite,<absent>21SEP07162638-P3DS_R04C1-014413001050_01_P003_22_36.png,320,320,,3,1,0,0,0
beluga_seeker_sam,satellite,<absent>21SEP07162638-P3DS_R04C1-014413001050_01_P003_8_28.png,320,320,,23,1,0,0,0
beluga_seeker_sam,satellite,<absent>21SEP07162638-P3DS_R04C2-014413001050_01_P003_35_26.png,320,320,,1,1,0,0,0
beluga_seeker_sam,satellite,<absent>21SEP07162638-P3DS_R04C2-014413001050_01_P003_42_43.png,320,320,,2,1,0,0,0
beluga_seeker_sam,satellite,<absent>21SEP07162638-P3DS_R05C2-014413001050_01_P003_2_26.png,320,320,,1,1,0,0,0
beluga_seeker_sam,satellite,<absent>21SEP07162638-P3DS_R05C2-014413001050_01_P003_3_26.png,320,320,,3,1,0,0,0
beluga_seeker_sam,satellite,<absent>21SEP07162638-P3DS_R05C2-014413001050_01_P003_41_27.png,320,320,,1,1,0,0,0
beluga_seeker_sam,satellite,<absent>21SEP07162638-P3DS_R05C3-014413001050_01_P003_31_41.png,320,320,,1,1,0,0,0
beluga_seeker_sam,satellite,<absent>21SEP07162638-P3DS_R06C3-014413001050_01_P003_16_32.png,320,320,,1,1,0,0,0
beluga_seeker_sam,satellite,<absent>21SEP07162638-P3DS_R08C3-014413001050_01_P003_22_30.png,320,320,,1,1,0,0,0
beluga_seeker_sam,satellite,<absent>21SEP07162703-P3DS_R02C1-014413001050_01_P001_18_38.png,320,320,,2,1,0,0,0
beluga_seeker_sam,satellite,<absent>21SEP07162703-P3DS_R02C2-014413001050_01_P001_48_48.png,320,320,,1,1,0,0,0
beluga_seeker_sam,satellite,<absent>21SEP07162703-P3DS_R02C2-014413001050_01_P001_49_45.png,320,320,,1,1,0,0,0
beluga_seeker_sam,satellite,<absent>21SEP07162703-P3DS_R02C2-014413001050_01_P001_50_45.png,320,320,,1,1,0,0,0
beluga_seeker_sam,satellite,<absent>21SEP07162703-P3DS_R02C2-014413001050_01_P001_51_46.png,320,320,,1,1,0,0,0
beluga_seeker_sam,satellite,<absent>21SEP07162703-P3DS_R02C3-014413001050_01_P001_42_35.png,320,320,,1,1,0,0,0
beluga_seeker_sam,satellite,<absent>21SEP07162703-P3DS_R03C2-014413001050_01_P001_0_45.png,320,320,,1,1,0,0,0
beluga_seeker_sam,satellite,<absent>21SEP07162703-P3DS_R03C2-014413001050_01_P001_0_46.png,320,320,,1,1,0,0,0
beluga_seeker_sam,satellite,<absent>21SEP07162703-P3DS_R03C2-014413001050_01_P001_10_46.png,320,320,,2,1,0,0,0
beluga_seeker_sam,satellite,<absent>21SEP07162703-P3DS_R03C2-014413001050_01_P001_10_47.png,320,320,,5,1,0,0,0
beluga_seeker_sam,satellite,<absent>21SEP07162703-P3DS_R03C2-014413001050_01_P001_10_48.png,320,320,,5,1,0,0,0
beluga_seeker_sam,satellite,<absent>21SEP07162703-P3DS_R03C2-014413001050_01_P001_10_49.png,320,320,,4,1,0,0,0
beluga_seeker_sam,satellite,<absent>21SEP07162703-P3DS_R03C2-014413001050_01_P001_11_46.png,320,320,,3,1,0,0,0
beluga_seeker_sam,satellite,<absent>21SEP07162703-P3DS_R03C2-014413001050_01_P001_11_47.png,320,320,,2,1,0,0,0
beluga_seeker_sam,satellite,<absent>21SEP07162703-P3DS_R03C2-014413001050_01_P001_11_48.png,320,320,,1,1,0,0,0
beluga_seeker_sam,satellite,<absent>21SEP07162703-P3DS_R03C2-014413001050_01_P001_11_49.png,320,320,,6,1,0,0,0
beluga_seeker_sam,satellite,<absent>21SEP07162703-P3DS_R03C2-014413001050_01_P001_11_50.png,320,320,,1,1,0,0,0
beluga_seeker_sam,satellite,<absent>21SEP07162703-P3DS_R03C2-014413001050_01_P001_13_46.png,320,320,,1,1,0,0,0
beluga_seeker_sam,satellite,<absent>21SEP07162703-P3DS_R03C2-014413001050_01_P001_13_49.png,320,320,,1,1,0,0,0
beluga_seeker_sam,satellite,<absent>21SEP07162703-P3DS_R03C2-014413001050_01_P001_14_49.png,320,320,,1,1,0,0,0
beluga_seeker_sam,satellite,<absent>21SEP07162703-P3DS_R03C2-014413001050_01_P001_15_47.png,320,320,,2,1,0,0,0
beluga_seeker_sam,satellite,<absent>21SEP07162703-P3DS_R03C2-014413001050_01_P001_17_44.png,320,320,,7,1,0,0,0
beluga_seeker_sam,satellite,<absent>21SEP07162703-P3DS_R03C2-014413001050_01_P001_17_48.png,320,320,,1,1,0,0,0
beluga_seeker_sam,satellite,<absent>21SEP07162703-P3DS_R03C2-014413001050_01_P001_17_50.png,320,320,,2,1,0,0,0
beluga_seeker_sam,satellite,<absent>21SEP07162703-P3DS_R03C2-014413001050_01_P001_17_51.png,320,320,,2,1,0,0,0
beluga_seeker_sam,satellite,<absent>21SEP07162703-P3DS_R03C2-014413001050_01_P001_1_46.png,320,320,,1,1,0,0,0
beluga_seeker_sam,satellite,<absent>21SEP07162703-P3DS_R03C2-014413001050_01_P001_1_48.png,320,320,,1,1,0,0,0
beluga_seeker_sam,satellite,<absent>21SEP07162703-P3DS_R03C2-014413001050_01_P001_1_49.png,320,320,,1,1,0,0,0
beluga_seeker_sam,satellite,<absent>21SEP07162703-P3DS_R03C2-014413001050_01_P001_22_44.png,320,320,,1,1,0,0,0
beluga_seeker_sam,satellite,<absent>21SEP07162703-P3DS_R03C2-014413001050_01_P001_22_45.png,320,320,,3,1,0,0,0
beluga_seeker_sam,satellite,<absent>21SEP07162703-P3DS_R03C2-014413001050_01_P001_23_44.png,320,320,,2,1,0,0,0
beluga_seeker_sam,satellite,<absent>21SEP07162703-P3DS_R03C2-014413001050_01_P001_23_47.png,320,320,,1,1,0,0,0
beluga_seeker_sam,satellite,<absent>21SEP07162703-P3DS_R03C2-014413001050_01_P001_24_46.png,320,320,,2,1,0,0,0
beluga_seeker_sam,satellite,<absent>21SEP07162703-P3DS_R03C2-014413001050_01_P001_2_49.png,320,320,,1,1,0,0,0
beluga_seeker_sam,satellite,<absent>21SEP07162703-P3DS_R03C2-014413001050_01_P001_5_46.png,320,320,,1,1,0,0,0
beluga_seeker_sam,satellite,<absent>21SEP07162703-P3DS_R03C2-014413001050_01_P001_6_49.png,320,320,,1,1,0,0,0
beluga_seeker_sam,satellite,<absent>21SEP07162703-P3DS_R03C2-014413001050_01_P001_9_47.png,320,320,,1,1,0,0,0
beluga_seeker_sam,satellite,<absent>21SEP07162703-P3DS_R03C3-014413001050_01_P001_11_0.png,320,320,,2,1,0,0,0
beluga_seeker_sam,satellite,<absent>21SEP07162703-P3DS_R03C3-014413001050_01_P001_16_9.png,320,320,,2,1,0,0,0
beluga_seeker_sam,satellite,<absent>21SEP07162703-P3DS_R03C3-014413001050_01_P001_17_18.png,320,320,,1,1,0,0,0
beluga_seeker_sam,satellite,<absent>21SEP07162703-P3DS_R03C3-014413001050_01_P001_17_9.png,320,320,,2,1,0,0,0
beluga_seeker_sam,satellite,<absent>21SEP07162703-P3DS_R03C3-014413001050_01_P001_18_4.png,320,320,,2,1,0,0,0
beluga_seeker_sam,satellite,<absent>21SEP07162703-P3DS_R03C3-014413001050_01_P001_18_8.png,320,320,,1,1,0,0,0
beluga_seeker_sam,satellite,<absent>21SEP07162703-P3DS_R03C3-014413001050_01_P001_19_0.png,320,320,,2,1,0,0,0
beluga_seeker_sam,satellite,<absent>21SEP07162703-P3DS_R03C3-014413001050_01_P001_19_1.png,320,320,,3,1,0,0,0
beluga_seeker_sam,satellite,<absent>21SEP07162703-P3DS_R03C3-014413001050_01_P001_19_7.png,320,320,,2,1,0,0,0
beluga_seeker_sam,satellite,<absent>21SEP07162703-P3DS_R03C3-014413001050_01_P001_22_4.png,320,320,,1,1,0,0,0
beluga_seeker_sam,satellite,<absent>21SEP07162703-P3DS_R03C3-014413001050_01_P001_23_34.png,320,320,,1,1,0,0,0
beluga_seeker_sam,satellite,<absent>21SEP07162703-P3DS_R03C3-014413001050_01_P001_23_35.png,320,320,,5,1,0,0,0
beluga_seeker_sam,satellite,<absent>21SEP07162703-P3DS_R03C3-014413001050_01_P001_23_4.png,320,320,,1,1,0,0,0
beluga_seeker_sam,satellite,<absent>21SEP07162703-P3DS_R03C3-014413001050_01_P001_25_5.png,320,320,,1,1,0,0,0
beluga_seeker_sam,satellite,<absent>21SEP07162703-P3DS_R06C1-014413001050_01_P001_21_8.png,320,320,,1,1,0,0,0
beluga_seeker_sam,satellite,<absent>21SEP07162703-P3DS_R06C1-014413001050_01_P001_33_25.png,320,320,,1,1,0,0,0
beluga_seeker_sam,satellite,<absent>21SEP07162703-P3DS_R06C1-014413001050_01_P001_35_6.png,320,320,,1,1,0,0,0
beluga_seeker_sam,satellite,<absent>21SEP07162703-P3DS_R06C2-014413001050_01_P001_23_0.png,320,320,,1,1,0,0,0
beluga_seeker_sam,satellite,<absent>21SEP07162703-P3DS_R06C2-014413001050_01_P001_24_6.png,320,320,,1,1,0,0,0
beluga_seeker_sam,satellite,<absent>21SEP07162703-P3DS_R06C2-014413001050_01_P001_27_15.png,320,320,,2,1,0,0,0
beluga_seeker_sam,satellite,<absent>21SEP07162703-P3DS_R06C2-014413001050_01_P001_45_27.png,320,320,,1,1,0,0,0
beluga_seeker_sam,satellite,<absent>21SEP07162703-P3DS_R07C1-014413001050_01_P001_15_15.png,320,320,,7,1,0,0,0
beluga_seeker_sam,satellite,<absent>21SEP07162703-P3DS_R07C2-014413001050_01_P001_10_12.png,320,320,,1,1,0,0,0
beluga_seeker_sam,satellite,<absent>21SEP07162703-P3DS_R07C2-014413001050_01_P001_16_2.png,320,320,,12,1,0,0,0
beluga_seeker_sam,satellite,<absent>21SEP07162703-P3DS_R07C2-014413001050_01_P001_16_3.png,320,320,,21,1,0,0,0
beluga_seeker_sam,satellite,<absent>21SEP07162703-P3DS_R07C2-014413001050_01_P001_19_44.png,320,320,,1,1,0,0,0
beluga_seeker_sam,satellite,<absent>21SEP07162703-P3DS_R07C2-014413001050_01_P001_44_50.png,320,320,,20,1,0,0,0
beluga_seeker_sam,satellite,<absent>21SEP07162703-P3DS_R07C2-014413001050_01_P001_44_51.png,320,320,,14,1,0,0,0
beluga_seeker_sam,satellite,<absent>21SEP07162703-P3DS_R07C2-014413001050_01_P001_45_50.png,320,320,,1,1,0,0,0
beluga_seeker_sam,satellite,<absent>21SEP07162703-P3DS_R07C2-014413001050_01_P001_4_3.png,320,320,,1,1,0,0,0
beluga_seeker_sam,satellite,<absent>21SEP07162703-P3DS_R07C2-014413001050_01_P001_5_27.png,320,320,,2,1,0,0,0
beluga_seeker_sam,satellite,<absent>21SEP07162703-P3DS_R08C1-014413001050_01_P001_34_41.png,320,320,,1,1,0,0,0
beluga_seeker_sam,satellite,<absent>21SEP07162703-P3DS_R08C1-014413001050_01_P001_41_50.png,320,320,,1,1,0,0,0
beluga_seeker_sam,satellite,<absent>21SEP07162703-P3DS_R08C2-014413001050_01_P001_6_50.png,320,320,,1,1,0,0,0
beluga_seeker_sam,satellite,<absent>21SEP07162703-P3DS_R08C3-014413001050_01_P001_11_3.png,320,320,,1,1,0,0,0
beluga_seeker_sam,satellite,<absent>21SEP07162703-P3DS_R08C3-014413001050_01_P001_12_3.png,320,320,,1,1,0,0,0
beluga_seeker_sam,satellite,<absent>21SEP07162703-P3DS_R08C3-014413001050_01_P001_18_20.png,320,320,,1,1,0,0,0
beluga_seeker_sam,satellite,<absent>21SEP07162703-P3DS_R08C3-014413001050_01_P001_30_31.png,320,320,,1,1,0,0,0
beluga_seeker_sam,satellite,<absent>21SEP07162703-P3DS_R08C3-014413001050_01_P001_30_6.png,320,320,,2,1,0,0,0
beluga_seeker_sam,satellite,<absent>21SEP07162703-P3DS_R08C3-014413001050_01_P001_32_31.png,320,320,,11,1,0,0,0
beluga_seeker_sam,satellite,<absent>21SEP07162703-P3DS_R08C3-014413001050_01_P001_32_32.png,320,320,,3,1,0,0,0
beluga_seeker_sam,satellite,<absent>21SEP07162703-P3DS_R08C3-014413001050_01_P001_39_32.png,320,320,,3,1,0,0,0
beluga_seeker_sam,satellite,<absent>21SEP07162703-P3DS_R09C1-014413001050_01_P001_43_26.png,320,320,,16,1,0,0,0
beluga_seeker_sam,satellite,<absent>21SEP07162703-P3DS_R09C1-014413001050_01_P001_7_23.png,320,320,,68,1,0,0,0
beluga_seeker_sam,satellite,<absent>21SEP07162703-P3DS_R09C3-014413001050_01_P001_0_10.png,320,320,,1,1,0,0,0
beluga_seeker_sam,satellite,<absent>21SEP07162703-P3DS_R09C3-014413001050_01_P001_0_38.png,320,320,,17,1,0,0,0
beluga_seeker_sam,satellite,<absent>21SEP07162703-P3DS_R09C3-014413001050_01_P001_0_47.png,320,320,,2,1,0,0,0
beluga_seeker_sam,satellite,<absent>21SEP07162703-P3DS_R09C3-014413001050_01_P001_15_46.png,320,320,,18,1,0,0,0
beluga_seeker_sam,satellite,<absent>21SEP07162703-P3DS_R09C3-014413001050_01_P001_31_35.png,320,320,,1,1,0,0,0
beluga_seeker_sam,satellite,<absent>21SEP07162703-P3DS_R09C3-014413001050_01_P001_31_49.png,320,320,,26,1,0,0,0
beluga_seeker_sam,satellite,<absent>21SEP07162703-P3DS_R09C3-014413001050_01_P001_41_35.png,320,320,,23,1,0,0,0
beluga_seeker_sam,satellite,<absent>21SEP07162703-P3DS_R09C3-014413001050_01_P001_42_35.png,320,320,,12,1,0,0,0
beluga_seeker_sam,satellite,<absent>21SEP07162703-P3DS_R10C2-014413001050_01_P001_29_31.png,320,320,,15,1,0,0,0
beluga_seeker_sam,satellite,<absent>21SEP07162703-P3DS_R10C2-014413001050_01_P001_29_32.png,320,320,,20,1,0,0,0
beluga_seeker_sam,satellite,<absent>21SEP07162703-P3DS_R10C2-014413001050_01_P001_30_29.png,320,320,,74,1,0,0,0
beluga_seeker_sam,satellite,<absent>21SEP07162703-P3DS_R10C2-014413001050_01_P001_30_30.png,320,320,,32,1,0,0,0
beluga_seeker_sam,satellite,<absent>21SEP07162703-P3DS_R10C2-014413001050_01_P001_30_31.png,320,320,,43,1,0,0,0
beluga_seeker_sam,satellite,<absent>21SEP07162703-P3DS_R10C2-014413001050_01_P001_30_32.png,320,320,,1,1,0,0,0
beluga_seeker_sam,satellite,<absent>21SEP07162703-P3DS_R10C2-014413001050_01_P001_30_33.png,320,320,,3,1,0,0,0
beluga_seeker_sam,satellite,<absent>21SEP07162703-P3DS_R10C2-014413001050_01_P001_40_35.png,320,320,,2,1,0,0,0
beluga_seeker_sam,satellite,<absent>21SEP07162703-P3DS_R10C3-014413001050_01_P001_10_50.png,320,320,,5,1,0,0,0
beluga_seeker_sam,satellite,<absent>21SEP07162703-P3DS_R10C3-014413001050_01_P001_11_26.png,320,320,,1,1,0,0,0
beluga_seeker_sam,satellite,<absent>21SEP07162703-P3DS_R10C3-014413001050_01_P001_26_7.png,320,320,,31,1,0,0,0
beluga_seeker_sam,satellite,<absent>21SEP07162703-P3DS_R10C3-014413001050_01_P001_27_10.png,320,320,,34,1,0,0,0
beluga_seeker_sam,satellite,<absent>21SEP07162703-P3DS_R10C3-014413001050_01_P001_27_7.png,320,320,,1,1,0,0,0
beluga_seeker_sam,satellite,<absent>21SEP07162713-P3DS_R01C1-014413001050_01_P002_30_46.png,320,320,,1,1,0,0,0
beluga_seeker_sam,satellite,<absent>21SEP07162713-P3DS_R01C1-014413001050_01_P002_30_47.png,320,320,,2,1,0,0,0
beluga_seeker_sam,satellite,<absent>21SEP07162713-P3DS_R01C1-014413001050_01_P002_34_23.png,320,320,,1,1,0,0,0
beluga_seeker_sam,satellite,<absent>21SEP07162713-P3DS_R01C1-014413001050_01_P002_35_23.png,320,320,,1,1,0,0,0
beluga_seeker_sam,satellite,<absent>21SEP07162713-P3DS_R01C2-014413001050_01_P002_21_8.png,320,320,,2,1,0,0,0
beluga_seeker_sam,satellite,<absent>21SEP07162713-P3DS_R01C2-014413001050_01_P002_21_9.png,320,320,,2,1,0,0,0
beluga_seeker_sam,satellite,<absent>21SEP07162713-P3DS_R01C2-014413001050_01_P002_30_10.png,320,320,,1,1,0,0,0
beluga_seeker_sam,satellite,<absent>21SEP07162713-P3DS_R01C2-014413001050_01_P002_32_12.png,320,320,,1,1,0,0,0
beluga_seeker_sam,satellite,<absent>21SEP07162713-P3DS_R01C2-014413001050_01_P002_32_13.png,320,320,,7,1,0,0,0
beluga_seeker_sam,satellite,<absent>21SEP07162713-P3DS_R01C2-014413001050_01_P002_38_10.png,320,320,,1,1,0,0,0
beluga_seeker_sam,satellite,<absent>21SEP07162713-P3DS_R02C1-014413001050_01_P002_12_35.png,320,320,,1,1,0,0,0
beluga_seeker_sam,satellite,<absent>21SEP07162713-P3DS_R02C1-014413001050_01_P002_18_6.png,320,320,,1,1,0,0,0
beluga_seeker_sam,satellite,<absent>21SEP07162713-P3DS_R02C1-014413001050_01_P002_21_48.png,320,320,,1,1,0,0,0
beluga_seeker_sam,satellite,<absent>21SEP07162713-P3DS_R02C2-014413001050_01_P002_14_42.png,320,320,,1,1,0,0,0
beluga_seeker_sam,satellite,<absent>21SEP07162713-P3DS_R02C2-014413001050_01_P002_18_26.png,320,320,,1,1,0,0,0
beluga_seeker_sam,satellite,<absent>21SEP07162713-P3DS_R02C2-014413001050_01_P002_28_10.png,320,320,,1,1,0,0,0
beluga_seeker_sam,satellite,<absent>21SEP07162713-P3DS_R02C2-014413001050_01_P002_3_26.png,320,320,,1,1,0,0,0
beluga_seeker_sam,satellite,<absent>21SEP07162713-P3DS_R02C2-014413001050_01_P002_48_35.png,320,320,,1,1,0,0,0
beluga_seeker_sam,satellite,<absent>21SEP07162713-P3DS_R02C3-014413001050_01_P002_36_5.png,320,320,,3,1,0,0,0
beluga_seeker_sam,satellite,<absent>21SEP07162713-P3DS_R02C3-014413001050_01_P002_39_9.png,320,320,,2,1,0,0,0
beluga_seeker_sam,satellite,<absent>21SEP07162713-P3DS_R02C3-014413001050_01_P002_44_6.png,320,320,,1,1,0,0,0
beluga_seeker_sam,satellite,<absent>21SEP07162713-P3DS_R02C3-014413001050_01_P002_44_7.png,320,320,,2,1,0,0,0
beluga_seeker_sam,satellite,<absent>21SEP07162713-P3DS_R02C3-014413001050_01_P002_45_7.png,320,320,,10,1,0,0,0
beluga_seeker_sam,satellite,<absent>21SEP07162713-P3DS_R02C3-014413001050_01_P002_46_11.png,320,320,,1,1,0,0,0
beluga_seeker_sam,satellite,<absent>21SEP07162713-P3DS_R03C2-014413001050_01_P002_9_50.png,320,320,,1,1,0,0,0
beluga_seeker_sam,satellite,<absent>21SEP07162713-P3DS_R03C3-014413001050_01_P002_30_14.png,320,320,,1,1,0,0,0
beluga_seeker_sam,satellite,<absent>21SEP07162713-P3DS_R03C3-014413001050_01_P002_43_4.png,320,320,,1,1,0,0,0
beluga_seeker_sam,satellite,<absent>21SEP07162713-P3DS_R04C3-014413001050_01_P002_13_47.png,320,320,,1,1,0,0,0
beluga_seeker_sam,satellite,<absent>21SEP07162713-P3DS_R04C3-014413001050_01_P002_13_48.png,320,320,,1,1,0,0,0
beluga_seeker_sam,satellite,<absent>21SEP07162713-P3DS_R04C3-014413001050_01_P002_14_47.png,320,320,,1,1,0,0,0
beluga_seeker_sam,satellite,<absent>21SEP07162713-P3DS_R05C2-014413001050_01_P002_35_44.png,320,320,,1,1,0,0,0
beluga_seeker_sam,satellite,<absent>21SEP07162713-P3DS_R05C3-014413001050_01_P002_49_9.png,320,320,,1,1,0,0,0
beluga_seeker_sam,satellite,<absent>21SEP07162713-P3DS_R06C3-014413001050_01_P002_21_44.png,320,320,,1,1,0,0,0
beluga_seeker_sam,satellite,<absent>21SEP07162713-P3DS_R06C3-014413001050_01_P002_22_41.png,320,320,,1,1,0,0,0
beluga_seeker_sam,satellite,<absent>21SEP07162713-P3DS_R06C3-014413001050_01_P002_25_47.png,320,320,,1,1,0,0,0
beluga_seeker_sam,satellite,<absent>21SEP07162713-P3DS_R06C3-014413001050_01_P002_26_44.png,320,320,,2,1,0,0,0
beluga_seeker_sam,satellite,<absent>21SEP07162713-P3DS_R06C3-014413001050_01_P002_35_41.png,320,320,,1,1,0,0,0
beluga_seeker_sam,satellite,<absent>21SEP07162713-P3DS_R06C3-014413001050_01_P002_35_44.png,320,320,,1,1,0,0,0
beluga_seeker_sam,satellite,<absent>21SEP07162713-P3DS_R06C3-014413001050_01_P002_36_44.png,320,320,,2,1,0,0,0
beluga_seeker_sam,satellite,<absent>21SEP07162713-P3DS_R06C3-014413001050_01_P002_36_45.png,320,320,,4,1,0,0,0
beluga_seeker_sam,satellite,<absent>21SEP07162713-P3DS_R06C3-014413001050_01_P002_45_45.png,320,320,,1,1,0,0,0
beluga_seeker_sam,satellite,<absent>21SEP07162713-P3DS_R06C3-014413001050_01_P002_6_18.png,320,320,,1,1,0,0,0
beluga_seeker_sam,satellite,<absent>21SEP07162713-P3DS_R06C3-014413001050_01_P002_7_19.png,320,320,,5,1,0,0,0
beluga_seeker_sam,satellite,<absent>21SEP07162713-P3DS_R07C1-014413001050_01_P002_29_8.png,320,320,,2,1,0,0,0
beluga_seeker_sam,satellite,<absent>21SEP07162713-P3DS_R07C4-014413001050_01_P002_0_2.png,320,320,,1,1,0,0,0
beluga_seeker_sam,satellite,<absent>21SEP07162713-P3DS_R08C1-014413001050_01_P002_24_20.png,320,320,,1,1,0,0,0
beluga_seeker_sam,satellite,<absent>21SEP07162713-P3DS_R08C1-014413001050_01_P002_24_36.png,320,320,,6,1,0,0,0
beluga_seeker_sam,satellite,<absent>21SEP07162713-P3DS_R08C1-014413001050_01_P002_26_46.png,320,320,,1,1,0,0,0
beluga_seeker_sam,satellite,<absent>21SEP07162713-P3DS_R08C1-014413001050_01_P002_32_30.png,320,320,,12,1,0,0,0
beluga_seeker_sam,satellite,<absent>21SEP07162713-P3DS_R08C1-014413001050_01_P002_36_16.png,320,320,,1,1,0,0,0
beluga_seeker_sam,satellite,<absent>21SEP07162713-P3DS_R08C1-014413001050_01_P002_36_46.png,320,320,,1,1,0,0,0
beluga_seeker_sam,satellite,<absent>21SEP07162713-P3DS_R08C1-014413001050_01_P002_38_19.png,320,320,,1,1,0,0,0
beluga_seeker_sam,satellite,<absent>21SEP07162713-P3DS_R08C1-014413001050_01_P002_45_46.png,320,320,,7,1,0,0,0
beluga_seeker_sam,satellite,<absent>21SEP07162713-P3DS_R08C1-014413001050_01_P002_9_28.png,320,320,,1,1,0,0,0
beluga_seeker_sam,satellite,<absent>21SEP07162713-P3DS_R08C2-014413001050_01_P002_31_4.png,320,320,,1,1,0,0,0
beluga_seeker_sam,satellite,<absent>21SEP07162713-P3DS_R08C2-014413001050_01_P002_45_16.png,320,320,,1,1,0,0,0
beluga_seeker_sam,satellite,<absent>21SEP07162713-P3DS_R08C2-014413001050_01_P002_45_17.png,320,320,,1,1,0,0,0
beluga_seeker_sam,satellite,<absent>21SEP07162713-P3DS_R08C2-014413001050_01_P002_47_20.png,320,320,,2,1,0,0,0
beluga_seeker_sam,satellite,<absent>21SEP07162713-P3DS_R08C2-014413001050_01_P002_48_44.png,320,320,,1,1,0,0,0
beluga_seeker_sam,satellite,<absent>21SEP07162713-P3DS_R08C3-014413001050_01_P002_47_51.png,320,320,,1,1,0,0,0
beluga_seeker_sam,satellite,<absent>21SEP07162713-P3DS_R08C3-014413001050_01_P002_48_39.png,320,320,,1,1,0,0,0
beluga_seeker_sam,satellite,<absent>21SEP07162713-P3DS_R08C3-014413001050_01_P002_49_40.png,320,320,,2,1,0,0,0
beluga_seeker_sam,satellite,<absent>21SEP07162713-P3DS_R08C3-014413001050_01_P002_50_50.png,320,320,,2,1,0,0,0
beluga_seeker_sam,satellite,<absent>21SEP07162713-P3DS_R08C4-014413001050_01_P002_47_0.png,320,320,,3,1,0,0,0
beluga_seeker_sam,satellite,<absent>21SEP07162713-P3DS_R09C1-014413001050_01_P002_11_42.png,320,320,,1,1,0,0,0
beluga_seeker_sam,satellite,<absent>21SEP07162713-P3DS_R09C1-014413001050_01_P002_19_46.png,320,320,,1,1,0,0,0
beluga_seeker_sam,satellite,<absent>21SEP07162713-P3DS_R09C1-014413001050_01_P002_41_25.png,320,320,,1,1,0,0,0
beluga_seeker_sam,satellite,<absent>21SEP07162713-P3DS_R09C1-014413001050_01_P002_4_31.png,320,320,,3,1,0,0,0
beluga_seeker_sam,satellite,<absent>21SEP07162713-P3DS_R09C1-014413001050_01_P002_6_31.png,320,320,,1,1,0,0,0
beluga_seeker_sam,satellite,<absent>21SEP07162713-P3DS_R09C2-014413001050_01_P002_11_32.png,320,320,,1,1,0,0,0
beluga_seeker_sam,satellite,<absent>21SEP07162713-P3DS_R09C2-014413001050_01_P002_12_7.png,320,320,,18,1,0,0,0
beluga_seeker_sam,satellite,<absent>21SEP07162713-P3DS_R09C2-014413001050_01_P002_20_44.png,320,320,,1,1,0,0,0
beluga_seeker_sam,satellite,<absent>21SEP07162713-P3DS_R09C2-014413001050_01_P002_23_44.png,320,320,,1,1,0,0,0
beluga_seeker_sam,satellite,<absent>21SEP07162713-P3DS_R09C2-014413001050_01_P002_25_40.png,320,320,,1,1,0,0,0
beluga_seeker_sam,satellite,<absent>21SEP07162713-P3DS_R09C2-014413001050_01_P002_31_43.png,320,320,,4,1,0,0,0
beluga_seeker_sam,satellite,<absent>21SEP07162713-P3DS_R09C2-014413001050_01_P002_38_30.png,320,320,,1,1,0,0,0
beluga_seeker_sam,satellite,<absent>21SEP07162713-P3DS_R09C2-014413001050_01_P002_50_17.png,320,320,,1,1,0,0,0
beluga_seeker_sam,satellite,<absent>21SEP07162713-P3DS_R09C2-014413001050_01_P002_5_35.png,320,320,,1,1,0,0,0
beluga_seeker_sam,satellite,<absent>21SEP07162713-P3DS_R09C3-014413001050_01_P002_0_3.png,320,320,,2,1,0,0,0
beluga_seeker_sam,satellite,<absent>21SEP07162713-P3DS_R09C3-014413001050_01_P002_0_4.png,320,320,,2,1,0,0,0
beluga_seeker_sam,satellite,<absent>21SEP07162713-P3DS_R09C3-014413001050_01_P002_0_50.png,320,320,,2,1,0,0,0
beluga_seeker_sam,satellite,<absent>21SEP07162713-P3DS_R09C3-014413001050_01_P002_16_27.png,320,320,,1,1,0,0,0
beluga_seeker_sam,satellite,<absent>21SEP07162713-P3DS_R09C3-014413001050_01_P002_18_39.png,320,320,,4,1,0,0,0
beluga_seeker_sam,satellite,<absent>21SEP07162713-P3DS_R09C3-014413001050_01_P002_23_9.png,320,320,,1,1,0,0,0
beluga_seeker_sam,satellite,<absent>21SEP07162713-P3DS_R09C3-014413001050_01_P002_26_0.png,320,320,,1,1,0,0,0
beluga_seeker_sam,satellite,<absent>21SEP07162713-P3DS_R09C3-014413001050_01_P002_29_17.png,320,320,,1,1,0,0,0
beluga_seeker_sam,satellite,<absent>21SEP07162713-P3DS_R09C3-014413001050_01_P002_36_51.png,320,320,,1,1,0,0,0
beluga_seeker_sam,satellite,<absent>21SEP07162713-P3DS_R09C3-014413001050_01_P002_46_18.png,320,320,,1,1,0,0,0
beluga_seeker_sam,satellite,<absent>21SEP07162713-P3DS_R09C3-014413001050_01_P002_49_35.png,320,320,,1,1,0,0,0
beluga_seeker_sam,satellite,<absent>21SEP07162713-P3DS_R09C3-014413001050_01_P002_4_3.png,320,320,,2,1,0,0,0
beluga_seeker_sam,satellite,<absent>21SEP07162713-P3DS_R09C3-014413001050_01_P002_7_6.png,320,320,,1,1,0,0,0
beluga_seeker_sam,satellite,<absent>21SEP07162713-P3DS_R09C4-014413001050_01_P002_0_1.png,320,320,,1,1,0,0,0
beluga_seeker_sam,satellite,<absent>21SEP07162713-P3DS_R10C1-014413001050_01_P002_11_34.png,320,320,,1,1,0,0,0
beluga_seeker_sam,satellite,<absent>21SEP07162713-P3DS_R10C1-014413001050_01_P002_14_35.png,320,320,,2,1,0,0,0
beluga_seeker_sam,satellite,<absent>21SEP07162713-P3DS_R10C1-014413001050_01_P002_15_35.png,320,320,,1,1,0,0,0
beluga_seeker_sam,satellite,<absent>21SEP07162713-P3DS_R10C1-014413001050_01_P002_23_22.png,320,320,,1,1,0,0,0
beluga_seeker_sam,satellite,<absent>21SEP07162713-P3DS_R10C2-014413001050_01_P002_14_30.png,320,320,,1,1,0,0,0
beluga_seeker_sam,satellite,<absent>21SEP07162713-P3DS_R10C2-014413001050_01_P002_1_21.png,320,320,,1,1,0,0,0
beluga_seeker_sam,satellite,<absent>21SEP07162713-P3DS_R10C3-014413001050_01_P002_1_33.png,320,320,,1,1,0,0,0
beluga_seeker_sam,satellite,<absent>21SEP07162713-P3DS_R10C3-014413001050_01_P002_22_47.png,320,320,,1,1,0,0,0
beluga_seeker_sam,satellite,<absent>21SEP07162713-P3DS_R10C3-014413001050_01_P002_23_12.png,320,320,,1,1,0,0,0
beluga_seeker_sam,satellite,<absent>21SEP07162713-P3DS_R10C3-014413001050_01_P002_23_28.png,320,320,,1,1,0,0,0
beluga_seeker_sam,satellite,<absent>21SEP07162713-P3DS_R10C3-014413001050_01_P002_24_50.png,320,320,,1,1,0,0,0
beluga_seeker_sam,satellite,<absent>21SEP07162713-P3DS_R10C3-014413001050_01_P002_25_10.png,320,320,,2,1,0,0,0
beluga_seeker_sam,satellite,<absent>21SEP07162713-P3DS_R11C2-014413001050_01_P002_40_18.png,320,320,,1,1,0,0,0
beluga_seeker_sam,satellite,<absent>21SEP07162713-P3DS_R11C2-014413001050_01_P002_47_10.png,320,320,,6,1,0,0,0
beluga_seeker_sam,satellite,<absent>21SEP07162713-P3DS_R11C2-014413001050_01_P002_47_11.png,320,320,,1,1,0,0,0
beluga_seeker_sam,satellite,<absent>21SEP07162713-P3DS_R12C2-014413001050_01_P002_0_22.png,320,320,,1,1,0,0,0
beluga_seeker_sam,satellite,<absent>22AUG01161709-P3DM_R02C2-015379185020_01_P001_78_82.png,192,192,,1,1,0,0,0
beluga_seeker_sam,satellite,<absent>22AUG01161709-P3DM_R02C3-015379185020_01_P001_59_73.png,192,192,,1,1,0,0,0
beluga_seeker_sam,satellite,<absent>22AUG01161709-P3DM_R02C3-015379185020_01_P001_59_79.png,192,192,,1,1,0,0,0
beluga_seeker_sam,satellite,<absent>22AUG01161709-P3DM_R02C3-015379185020_01_P001_60_76.png,192,192,,1,1,0,0,0
beluga_seeker_sam,satellite,<absent>22AUG01161709-P3DM_R02C3-015379185020_01_P001_61_74.png,192,192,,1,1,0,0,0
beluga_seeker_sam,satellite,<absent>22AUG01161709-P3DM_R02C3-015379185020_01_P001_62_75.png,192,192,,1,1,0,0,0
beluga_seeker_sam,satellite,<absent>22AUG01161709-P3DM_R02C3-015379185020_01_P001_63_74.png,192,192,,7,1,0,0,0
beluga_seeker_sam,satellite,<absent>22AUG01161709-P3DM_R02C3-015379185020_01_P001_63_75.png,192,192,,1,1,0,0,0
beluga_seeker_sam,satellite,<absent>22AUG01161709-P3DM_R02C3-015379185020_01_P001_63_76.png,192,192,,1,1,0,0,0
beluga_seeker_sam,satellite,<absent>22AUG01161709-P3DM_R02C3-015379185020_01_P001_64_74.png,192,192,,4,1,0,0,0
beluga_seeker_sam,satellite,<absent>22AUG01161709-P3DM_R02C3-015379185020_01_P001_64_75.png,192,192,,1,1,0,0,0
beluga_seeker_sam,satellite,<absent>22AUG01161709-P3DM_R02C3-015379185020_01_P001_64_76.png,192,192,,1,1,0,0,0
beluga_seeker_sam,satellite,<absent>22AUG01161709-P3DM_R02C3-015379185020_01_P001_64_82.png,192,192,,1,1,0,0,0
beluga_seeker_sam,satellite,<absent>22AUG01161709-P3DM_R02C3-015379185020_01_P001_65_74.png,192,192,,1,1,0,0,0
beluga_seeker_sam,satellite,<absent>22AUG01161709-P3DM_R02C3-015379185020_01_P001_65_75.png,192,192,,1,1,0,0,0
beluga_seeker_sam,satellite,<absent>22AUG01161709-P3DM_R02C3-015379185020_01_P001_71_21.png,192,192,,1,1,0,0,0
beluga_seeker_sam,satellite,<absent>22AUG01161709-P3DM_R02C3-015379185020_01_P001_76_76.png,192,192,,1,1,0,0,0
beluga_seeker_sam,satellite,<absent>22AUG01161709-P3DM_R02C3-015379185020_01_P001_76_77.png,192,192,,1,1,0,0,0
beluga_seeker_sam,satellite,<absent>22AUG01161709-P3DM_R02C3-015379185020_01_P001_78_83.png,192,192,,3,1,0,0,0
beluga_seeker_sam,satellite,<absent>22AUG01161709-P3DM_R02C3-015379185020_01_P001_82_67.png,192,192,,1,1,0,0,0
beluga_seeker_sam,satellite,<absent>22AUG01161709-P3DM_R02C3-015379185020_01_P001_83_39.png,192,192,,1,1,0,0,0
beluga_seeker_sam,satellite,<absent>22AUG01161709-P3DM_R02C3-015379185020_01_P001_83_78.png,192,192,,2,1,0,0,0
beluga_seeker_sam,satellite,<absent>22AUG01161709-P3DM_R02C4-015379185020_01_P001_65_10.png,192,192,,1,1,0,0,0
beluga_seeker_sam,satellite,<absent>22AUG01161709-P3DM_R02C4-015379185020_01_P001_65_39.png,192,192,,1,1,0,0,0
beluga_seeker_sam,satellite,<absent>22AUG01161709-P3DM_R02C4-015379185020_01_P001_67_45.png,192,192,,2,1,0,0,0
beluga_seeker_sam,satellite,<absent>22AUG01161709-P3DM_R02C4-015379185020_01_P001_67_47.png,192,192,,1,1,0,0,0
beluga_seeker_sam,satellite,<absent>22AUG01161709-P3DM_R02C4-015379185020_01_P001_68_47.png,192,192,,4,1,0,0,0
beluga_seeker_sam,satellite,<absent>22AUG01161709-P3DM_R02C4-015379185020_01_P001_69_47.png,192,192,,1,1,0,0,0
beluga_seeker_sam,satellite,<absent>22AUG01161709-P3DM_R02C4-015379185020_01_P001_71_24.png,192,192,,1,1,0,0,0
beluga_seeker_sam,satellite,<absent>22AUG01161709-P3DM_R02C4-015379185020_01_P001_72_16.png,192,192,,2,1,0,0,0
beluga_seeker_sam,satellite,<absent>22AUG01161709-P3DM_R02C4-015379185020_01_P001_74_22.png,192,192,,1,1,0,0,0
beluga_seeker_sam,satellite,<absent>22AUG01161709-P3DM_R02C4-015379185020_01_P001_75_15.png,192,192,,2,1,0,0,0
beluga_seeker_sam,satellite,<absent>22AUG01161709-P3DM_R02C4-015379185020_01_P001_75_38.png,192,192,,1,1,0,0,0
beluga_seeker_sam,satellite,<absent>22AUG01161709-P3DM_R02C4-015379185020_01_P001_76_40.png,192,192,,1,1,0,0,0
beluga_seeker_sam,satellite,<absent>22AUG01161709-P3DM_R02C4-015379185020_01_P001_78_17.png,192,192,,1,1,0,0,0
beluga_seeker_sam,satellite,<absent>22AUG01161709-P3DM_R02C4-015379185020_01_P001_79_17.png,192,192,,1,1,0,0,0
beluga_seeker_sam,satellite,<absent>22AUG01161709-P3DM_R02C4-015379185020_01_P001_81_19.png,192,192,,3,1,0,0,0
beluga_seeker_sam,satellite,<absent>22AUG01161709-P3DM_R02C4-015379185020_01_P001_82_18.png,192,192,,2,1,0,0,0
beluga_seeker_sam,satellite,<absent>22AUG01161709-P3DM_R02C4-015379185020_01_P001_82_19.png,192,192,,3,1,0,0,0
beluga_seeker_sam,satellite,<absent>22AUG01161709-P3DM_R02C7-015379185020_01_P001_46_43.png,192,192,,1,1,0,0,0
beluga_seeker_sam,satellite,<absent>22AUG01161709-P3DM_R03C7-015379185020_01_P001_49_71.png,192,192,,1,1,0,0,0
beluga_seeker_sam,satellite,<absent>22AUG01161709-P3DM_R04C1-015379185020_01_P001_13_79.png,192,192,,1,1,0,0,0
beluga_seeker_sam,satellite,<absent>22AUG01161709-P3DM_R04C2-015379185020_01_P001_23_3.png,192,192,,16,1,0,0,0
beluga_seeker_sam,satellite,<absent>22AUG01161709-P3DM_R04C2-015379185020_01_P001_24_2.png,192,192,,4,1,0,0,0
beluga_seeker_sam,satellite,<absent>22AUG01161709-P3DM_R04C2-015379185020_01_P001_27_1.png,192,192,,1,1,0,0,0
beluga_seeker_sam,satellite,<absent>22AUG01161709-P3DM_R04C2-015379185020_01_P001_28_1.png,192,192,,1,1,0,0,0
beluga_seeker_sam,satellite,<absent>22AUG01161709-P3DM_R04C2-015379185020_01_P001_42_38.png,192,192,,13,1,0,0,0
beluga_seeker_sam,satellite,<absent>22AUG01161709-P3DM_R04C3-015379185020_01_P001_73_12.png,192,192,,1,1,0,0,0
beluga_seeker_sam,satellite,<absent>22AUG01161709-P3DM_R04C7-015379185020_01_P001_31_28.png,192,192,,11,1,0,0,0
beluga_seeker_sam,satellite,<absent>22AUG01161709-P3DM_R05C3-015379185020_01_P001_1_0.png,192,192,,2,1,0,0,0
beluga_seeker_sam,satellite,<absent>22AUG01161709-P3DM_R05C3-015379185020_01_P001_23_17.png,192,192,,1,1,0,0,0
beluga_seeker_sam,satellite,<absent>22AUG01161709-P3DM_R05C3-015379185020_01_P001_45_47.png,192,192,,1,1,0,0,0
beluga_seeker_sam,satellite,<absent>22AUG01161709-P3DM_R05C3-015379185020_01_P001_46_80.png,192,192,,11,1,0,0,0
beluga_seeker_sam,satellite,<absent>22AUG01161709-P3DM_R05C3-015379185020_01_P001_47_80.png,192,192,,8,1,0,0,0
beluga_seeker_sam,satellite,<absent>22AUG01161709-P3DM_R05C3-015379185020_01_P001_47_81.png,192,192,,10,1,0,0,0
beluga_seeker_sam,satellite,<absent>22AUG01161709-P3DM_R05C6-015379185020_01_P001_46_38.png,192,192,,2,1,0,0,0
beluga_seeker_sam,satellite,<absent>22AUG01161709-P3DM_R05C6-015379185020_01_P001_47_38.png,192,192,,1,1,0,0,0
beluga_seeker_sam,satellite,<absent>22AUG01161709-P3DM_R05C7-015379185020_01_P001_38_6.png,192,192,,1,1,0,0,0
beluga_seeker_sam,satellite,<absent>22AUG01161709-P3DM_R06C2-015379185020_01_P001_81_83.png,192,192,,8,1,0,0,0
beluga_seeker_sam,satellite,<absent>22AUG01161709-P3DM_R06C4-015379185020_01_P001_22_19.png,192,192,,1,1,0,0,0
beluga_seeker_sam,satellite,<absent>22AUG01161709-P3DM_R06C4-015379185020_01_P001_52_46.png,192,192,,1,1,0,0,0
beluga_seeker_sam,satellite,<absent>22AUG01161709-P3DM_R06C5-015379185020_01_P001_73_46.png,192,192,,1,1,0,0,0
beluga_seeker_sam,satellite,<absent>22AUG01161709-P3DM_R06C6-015379185020_01_P001_22_59.png,192,192,,12,1,0,0,0
beluga_seeker_sam,satellite,<absent>22AUG01161709-P3DM_R06C6-015379185020_01_P001_23_59.png,192,192,,2,1,0,0,0
beluga_seeker_sam,satellite,<absent>22AUG01161709-P3DM_R06C7-015379185020_01_P001_39_36.png,192,192,,2,1,0,0,0
beluga_seeker_sam,satellite,<absent>22AUG01161709-P3DM_R06C8-015379185020_01_P001_4_0.png,192,192,,1,1,0,0,0
beluga_seeker_sam,satellite,<absent>22AUG01161709-P3DM_R07C2-015379185020_01_P001_22_39.png,192,192,,3,1,0,0,0
beluga_seeker_sam,satellite,<absent>22AUG01161709-P3DM_R07C3-015379185020_01_P001_51_73.png,192,192,,1,1,0,0,0
beluga_seeker_sam,satellite,<absent>22AUG01161709-P3DM_R07C4-015379185020_01_P001_11_28.png,192,192,,1,1,0,0,0
beluga_seeker_sam,satellite,<absent>22AUG01161709-P3DM_R07C4-015379185020_01_P001_11_29.png,192,192,,1,1,0,0,0
beluga_seeker_sam,satellite,<absent>22AUG01161709-P3DM_R07C4-015379185020_01_P001_12_29.png,192,192,,1,1,0,0,0
beluga_seeker_sam,satellite,<absent>22AUG01161709-P3DM_R07C6-015379185020_01_P001_47_11.png,192,192,,2,1,0,0,0
beluga_seeker_sam,satellite,<absent>22AUG01161709-P3DM_R07C7-015379185020_01_P001_39_12.png,192,192,,1,1,0,0,0
beluga_seeker_sam,satellite,<absent>22AUG01161709-P3DM_R08C6-015379185020_01_P001_12_76.png,192,192,,2,1,0,0,0
beluga_seeker_sam,satellite,<absent>22AUG01161709-P3DM_R08C6-015379185020_01_P001_14_75.png,192,192,,1,1,0,0,0
beluga_seeker_sam,satellite,<absent>22AUG01161709-P3DM_R08C6-015379185020_01_P001_39_22.png,192,192,,2,1,0,0,0
beluga_seeker_sam,satellite,<absent>22AUG01161709-P3DM_R08C6-015379185020_01_P001_7_74.png,192,192,,1,1,0,0,0
beluga_seeker_sam,satellite,<absent>22AUG01161709-P3DM_R09C5-015379185020_01_P001_23_75.png,192,192,,2,1,0,0,0
beluga_seeker_sam,satellite,<absent>22AUG01161709-P3DM_R09C5-015379185020_01_P001_4_54.png,192,192,,1,1,0,0,0
beluga_seeker_sam,satellite,<absent>22AUG01161709-P3DM_R09C5-015379185020_01_P001_59_78.png,192,192,,1,1,0,0,0
beluga_seeker_sam,satellite,<absent>22AUG01161709-P3DM_R09C5-015379185020_01_P001_66_68.png,192,192,,1,1,0,0,0
beluga_seeker_sam,satellite,<absent>22JUL31174035-P3DS_R3C1-050169967010_01_P002_11_18.png,320,320,,2,1,0,0,0
beluga_seeker_sam,satellite,<absent>22JUL31174035-P3DS_R3C1-050169967010_01_P002_11_20.png,320,320,,3,1,0,0,0
beluga_seeker_sam,satellite,<absent>22JUL31174035-P3DS_R3C1-050169967010_01_P002_11_27.png,320,320,,1,1,0,0,0
beluga_seeker_sam,satellite,<absent>22JUL31174035-P3DS_R3C1-050169967010_01_P002_12_19.png,320,320,,4,1,0,0,0
beluga_seeker_sam,satellite,<absent>22JUL31174035-P3DS_R3C1-050169967010_01_P002_12_27.png,320,320,,1,1,0,0,0
beluga_seeker_sam,satellite,<absent>22JUL31174035-P3DS_R3C1-050169967010_01_P002_13_20.png,320,320,,2,1,0,0,0
beluga_seeker_sam,satellite,<absent>22JUL31174035-P3DS_R3C1-050169967010_01_P002_13_29.png,320,320,,2,1,0,0,0
beluga_seeker_sam,satellite,<absent>22JUL31174035-P3DS_R3C1-050169967010_01_P002_14_20.png,320,320,,5,1,0,0,0
beluga_seeker_sam,satellite,<absent>22JUL31174035-P3DS_R3C1-050169967010_01_P002_14_21.png,320,320,,1,1,0,0,0
beluga_seeker_sam,satellite,<absent>22JUL31174035-P3DS_R3C1-050169967010_01_P002_14_22.png,320,320,,1,1,0,0,0
beluga_seeker_sam,satellite,<absent>22JUL31174035-P3DS_R3C1-050169967010_01_P002_14_23.png,320,320,,1,1,0,0,0
beluga_seeker_sam,satellite,<absent>22JUL31174035-P3DS_R3C1-050169967010_01_P002_14_27.png,320,320,,2,1,0,0,0
beluga_seeker_sam,satellite,<absent>22JUL31174035-P3DS_R3C1-050169967010_01_P002_15_38.png,320,320,,2,1,0,0,0
beluga_seeker_sam,satellite,<absent>22JUL31174035-P3DS_R3C1-050169967010_01_P002_16_18.png,320,320,,2,1,0,0,0
beluga_seeker_sam,satellite,<absent>22JUL31174035-P3DS_R3C1-050169967010_01_P002_16_19.png,320,320,,1,1,0,0,0
beluga_seeker_sam,satellite,<absent>22JUL31174035-P3DS_R3C1-050169967010_01_P002_17_18.png,320,320,,2,1,0,0,0
beluga_seeker_sam,satellite,<absent>22JUL31174035-P3DS_R3C1-050169967010_01_P002_17_19.png,320,320,,1,1,0,0,0
beluga_seeker_sam,satellite,<absent>22JUL31174035-P3DS_R3C1-050169967010_01_P002_18_18.png,320,320,,1,1,0,0,0
beluga_seeker_sam,satellite,<absent>22JUL31174035-P3DS_R3C1-050169967010_01_P002_18_19.png,320,320,,2,1,0,0,0
beluga_seeker_sam,satellite,<absent>22JUL31174035-P3DS_R3C1-050169967010_01_P002_23_16.png,320,320,,1,1,0,0,0
beluga_seeker_sam,satellite,<absent>22JUL31174035-P3DS_R3C1-050169967010_01_P002_24_11.png,320,320,,1,1,0,0,0
beluga_seeker_sam,satellite,<absent>22JUL31174035-P3DS_R3C1-050169967010_01_P002_24_16.png,320,320,,2,1,0,0,0
beluga_seeker_sam,satellite,<absent>22JUL31174035-P3DS_R3C1-050169967010_01_P002_24_17.png,320,320,,3,1,0,0,0
beluga_seeker_sam,satellite,<absent>22JUL31174035-P3DS_R3C1-050169967010_01_P002_25_24.png,320,320,,1,1,0,0,0
beluga_seeker_sam,satellite,<absent>22JUL31174035-P3DS_R3C1-050169967010_01_P002_27_10.png,320,320,,1,1,0,0,0
beluga_seeker_sam,satellite,<absent>22JUL31174035-P3DS_R3C1-050169967010_01_P002_27_17.png,320,320,,3,1,0,0,0
beluga_seeker_sam,satellite,<absent>22JUL31174035-P3DS_R3C1-050169967010_01_P002_29_17.png,320,320,,3,1,0,0,0
beluga_seeker_sam,satellite,<absent>22JUL31174035-P3DS_R3C1-050169967010_01_P002_29_20.png,320,320,,1,1,0,0,0
beluga_seeker_sam,satellite,<absent>22JUL31174035-P3DS_R3C1-050169967010_01_P002_30_15.png,320,320,,1,1,0,0,0
beluga_seeker_sam,satellite,<absent>22JUL31174035-P3DS_R3C1-050169967010_01_P002_30_16.png,320,320,,1,1,0,0,0
beluga_seeker_sam,satellite,<absent>22JUL31174035-P3DS_R3C1-050169967010_01_P002_31_16.png,320,320,,1,1,0,0,0
beluga_seeker_sam,satellite,<absent>22JUL31174035-P3DS_R3C1-050169967010_01_P002_31_17.png,320,320,,1,1,0,0,0
beluga_seeker_sam,satellite,<absent>22JUL31174035-P3DS_R3C1-050169967010_01_P002_32_11.png,320,320,,6,1,0,0,0
beluga_seeker_sam,satellite,<absent>22JUL31174035-P3DS_R3C1-050169967010_01_P002_32_12.png,320,320,,1,1,0,0,0
beluga_seeker_sam,satellite,<absent>22JUL31174035-P3DS_R3C1-050169967010_01_P002_33_10.png,320,320,,2,1,0,0,0
beluga_seeker_sam,satellite,<absent>22JUL31174035-P3DS_R3C1-050169967010_01_P002_33_22.png,320,320,,1,1,0,0,0
beluga_seeker_sam,satellite,<absent>22JUL31174035-P3DS_R3C1-050169967010_01_P002_33_9.png,320,320,,1,1,0,0,0
beluga_seeker_sam,satellite,<absent>22JUL31174035-P3DS_R3C1-050169967010_01_P002_34_21.png,320,320,,2,1,0,0,0
beluga_seeker_sam,satellite,<absent>22JUL31174035-P3DS_R3C1-050169967010_01_P002_34_22.png,320,320,,1,1,0,0,0
beluga_seeker_sam,satellite,<absent>22JUL31174035-P3DS_R3C1-050169967010_01_P002_34_23.png,320,320,,1,1,0,0,0
beluga_seeker_sam,satellite,<absent>22JUL31174035-P3DS_R3C1-050169967010_01_P002_38_16.png,320,320,,2,1,0,0,0
beluga_seeker_sam,satellite,<absent>22JUL31174054-P3DS_R1C1-050169967010_01_P001_16_11.png,320,320,,1,1,0,0,0
beluga_seeker_sam,satellite,<absent>22JUL31174054-P3DS_R1C1-050169967010_01_P001_16_13.png,320,320,,1,1,0,0,0
beluga_seeker_sam,satellite,<absent>22JUL31174054-P3DS_R1C1-050169967010_01_P001_25_29.png,320,320,,1,1,0,0,0
beluga_seeker_sam,satellite,<absent>22JUL31174054-P3DS_R2C1-050169967010_01_P001_12_45.png,320,320,,9,1,0,0,0
beluga_seeker_sam,satellite,<absent>22JUL31174054-P3DS_R2C1-050169967010_01_P001_15_45.png,320,320,,1,1,0,0,0
beluga_seeker_sam,satellite,<absent>22JUL31174054-P3DS_R2C1-050169967010_01_P001_16_49.png,320,320,,1,1,0,0,0
beluga_seeker_sam,satellite,<absent>22JUL31174054-P3DS_R2C1-050169967010_01_P001_16_51.png,320,320,,2,1,0,0,0
beluga_seeker_sam,satellite,<absent>22JUL31174054-P3DS_R2C1-050169967010_01_P001_17_43.png,320,320,,9,1,0,0,0
beluga_seeker_sam,satellite,<absent>22JUL31174054-P3DS_R2C1-050169967010_01_P001_17_48.png,320,320,,1,1,0,0,0
beluga_seeker_sam,satellite,<absent>22JUL31174054-P3DS_R2C1-050169967010_01_P001_18_47.png,320,320,,2,1,0,0,0
beluga_seeker_sam,satellite,<absent>22JUL31174054-P3DS_R2C1-050169967010_01_P001_21_46.png,320,320,,1,1,0,0,0
beluga_seeker_sam,satellite,<absent>22JUL31174054-P3DS_R2C1-050169967010_01_P001_21_47.png,320,320,,2,1,0,0,0
beluga_seeker_sam,satellite,<absent>22JUL31174054-P3DS_R2C1-050169967010_01_P001_22_48.png,320,320,,3,1,0,0,0
beluga_seeker_sam,satellite,<absent>22JUL31174054-P3DS_R2C1-050169967010_01_P001_23_46.png,320,320,,1,1,0,0,0
beluga_seeker_sam,satellite,<absent>22JUL31174054-P3DS_R2C1-050169967010_01_P001_23_47.png,320,320,,2,1,0,0,0
beluga_seeker_sam,satellite,<absent>22JUL31174054-P3DS_R2C1-050169967010_01_P001_23_48.png,320,320,,1,1,0,0,0
beluga_seeker_sam,satellite,<absent>22JUL31174054-P3DS_R2C1-050169967010_01_P001_25_45.png,320,320,,1,1,0,0,0
beluga_seeker_sam,satellite,<absent>22JUL31174054-P3DS_R2C1-050169967010_01_P001_27_42.png,320,320,,2,1,0,0,0
beluga_seeker_sam,satellite,<absent>22JUL31174054-P3DS_R2C1-050169967010_01_P001_27_44.png,320,320,,2,1,0,0,0
beluga_seeker_sam,satellite,<absent>22JUL31174054-P3DS_R2C1-050169967010_01_P001_29_33.png,320,320,,1,1,0,0,0
beluga_seeker_sam,satellite,<absent>22JUL31174054-P3DS_R2C1-050169967010_01_P001_29_41.png,320,320,,4,1,0,0,0
beluga_seeker_sam,satellite,<absent>22JUL31174054-P3DS_R2C1-050169967010_01_P001_30_40.png,320,320,,1,1,0,0,0
beluga_seeker_sam,satellite,<absent>22JUL31174054-P3DS_R2C1-050169967010_01_P001_30_41.png,320,320,,3,1,0,0,0
beluga_seeker_sam,satellite,<absent>22JUL31174054-P3DS_R2C1-050169967010_01_P001_32_37.png,320,320,,1,1,0,0,0
beluga_seeker_sam,satellite,<absent>22JUL31174054-P3DS_R2C1-050169967010_01_P001_35_49.png,320,320,,1,1,0,0,0
beluga_seeker_sam,satellite,<absent>22JUL31174054-P3DS_R2C1-050169967010_01_P001_35_50.png,320,320,,2,1,0,0,0
beluga_seeker_sam,satellite,<absent>22JUL31174054-P3DS_R2C1-050169967010_01_P001_36_48.png,320,320,,2,1,0,0,0
beluga_seeker_sam,satellite,<absent>22JUL31174054-P3DS_R2C1-050169967010_01_P001_37_47.png,320,320,,1,1,0,0,0
beluga_seeker_sam,satellite,<absent>22JUL31174054-P3DS_R2C1-050169967010_01_P001_38_48.png,320,320,,1,1,0,0,0
beluga_seeker_sam,satellite,<absent>22JUL31174054-P3DS_R2C1-050169967010_01_P001_38_50.png,320,320,,2,1,0,0,0
beluga_seeker_sam,satellite,<absent>22JUL31174054-P3DS_R2C1-050169967010_01_P001_39_48.png,320,320,,1,1,0,0,0
beluga_seeker_sam,satellite,<absent>22JUL31174054-P3DS_R2C1-050169967010_01_P001_39_49.png,320,320,,2,1,0,0,0
beluga_seeker_sam,satellite,<absent>22JUL31174054-P3DS_R2C1-050169967010_01_P001_39_50.png,320,320,,1,1,0,0,0
beluga_seeker_sam,satellite,<absent>22JUL31174054-P3DS_R2C1-050169967010_01_P001_40_48.png,320,320,,1,1,0,0,0
beluga_seeker_sam,satellite,<absent>22JUL31174054-P3DS_R2C1-050169967010_01_P001_40_50.png,320,320,,3,1,0,0,0
beluga_seeker_sam,satellite,<absent>22JUL31174054-P3DS_R2C1-050169967010_01_P001_41_46.png,320,320,,1,1,0,0,0
beluga_seeker_sam,satellite,<absent>22JUL31174054-P3DS_R2C1-050169967010_01_P001_41_47.png,320,320,,3,1,0,0,0
beluga_seeker_sam,satellite,<absent>22JUL31174054-P3DS_R2C1-050169967010_01_P001_41_49.png,320,320,,1,1,0,0,0
beluga_seeker_sam,satellite,<absent>22JUL31174054-P3DS_R2C1-050169967010_01_P001_42_45.png,320,320,,2,1,0,0,0
beluga_seeker_sam,satellite,<absent>22JUL31174054-P3DS_R2C1-050169967010_01_P001_42_48.png,320,320,,1,1,0,0,0
beluga_seeker_sam,satellite,<absent>22JUL31174054-P3DS_R2C1-050169967010_01_P001_45_45.png,320,320,,1,1,0,0,0
beluga_seeker_sam,satellite,<absent>22JUL31174054-P3DS_R2C1-050169967010_01_P001_46_44.png,320,320,,1,1,0,0,0
beluga_seeker_sam,satellite,<absent>22JUL31174054-P3DS_R2C1-050169967010_01_P001_47_45.png,320,320,,1,1,0,0,0
beluga_seeker_sam,satellite,<absent>22JUL31174054-P3DS_R2C1-050169967010_01_P001_48_44.png,320,320,,1,1,0,0,0
beluga_seeker_sam,satellite,<absent>22JUL31174054-P3DS_R2C1-050169967010_01_P001_49_49.png,320,320,,1,1,0,0,0
beluga_seeker_sam,satellite,<absent>22JUL31174054-P3DS_R2C1-050169967010_01_P001_49_50.png,320,320,,1,1,0,0,0
beluga_seeker_sam,satellite,<absent>22JUL31174054-P3DS_R2C2-050169967010_01_P001_12_7.png,320,320,,2,1,0,0,0
beluga_seeker_sam,satellite,<absent>22JUL31174054-P3DS_R2C2-050169967010_01_P001_13_7.png,320,320,,1,1,0,0,0
beluga_seeker_sam,satellite,<absent>22JUL31174054-P3DS_R2C2-050169967010_01_P001_14_6.png,320,320,,1,1,0,0,0
beluga_seeker_sam,satellite,<absent>22JUL31174054-P3DS_R2C2-050169967010_01_P001_15_0.png,320,320,,3,1,0,0,0
beluga_seeker_sam,satellite,<absent>22JUL31174054-P3DS_R2C2-050169967010_01_P001_16_0.png,320,320,,1,1,0,0,0
beluga_seeker_sam,satellite,<absent>22JUL31174054-P3DS_R2C2-050169967010_01_P001_16_2.png,320,320,,3,1,0,0,0
beluga_seeker_sam,satellite,<absent>22JUL31174054-P3DS_R2C2-050169967010_01_P001_18_12.png,320,320,,1,1,0,0,0
beluga_seeker_sam,satellite,<absent>22JUL31174054-P3DS_R2C2-050169967010_01_P001_19_20.png,320,320,,1,1,0,0,0
beluga_seeker_sam,satellite,<absent>22JUL31174054-P3DS_R2C2-050169967010_01_P001_20_12.png,320,320,,1,1,0,0,0
beluga_seeker_sam,satellite,<absent>22JUL31174054-P3DS_R2C2-050169967010_01_P001_20_13.png,320,320,,1,1,0,0,0
beluga_seeker_sam,satellite,<absent>22JUL31174054-P3DS_R2C2-050169967010_01_P001_21_10.png,320,320,,2,1,0,0,0
beluga_seeker_sam,satellite,<absent>22JUL31174054-P3DS_R2C2-050169967010_01_P001_21_2.png,320,320,,3,1,0,0,0
beluga_seeker_sam,satellite,<absent>22JUL31174054-P3DS_R2C2-050169967010_01_P001_22_10.png,320,320,,1,1,0,0,0
beluga_seeker_sam,satellite,<absent>22JUL31174054-P3DS_R2C2-050169967010_01_P001_22_2.png,320,320,,2,1,0,0,0
beluga_seeker_sam,satellite,<absent>22JUL31174054-P3DS_R2C2-050169967010_01_P001_22_21.png,320,320,,1,1,0,0,0
beluga_seeker_sam,satellite,<absent>22JUL31174054-P3DS_R2C2-050169967010_01_P001_22_23.png,320,320,,1,1,0,0,0
beluga_seeker_sam,satellite,<absent>22JUL31174054-P3DS_R2C2-050169967010_01_P001_23_16.png,320,320,,1,1,0,0,0
beluga_seeker_sam,satellite,<absent>22JUL31174054-P3DS_R2C2-050169967010_01_P001_23_21.png,320,320,,1,1,0,0,0
beluga_seeker_sam,satellite,<absent>22JUL31174054-P3DS_R2C2-050169967010_01_P001_23_22.png,320,320,,1,1,0,0,0
beluga_seeker_sam,satellite,<absent>22JUL31174054-P3DS_R2C2-050169967010_01_P001_23_29.png,320,320,,1,1,0,0,0
beluga_seeker_sam,satellite,<absent>22JUL31174054-P3DS_R2C2-050169967010_01_P001_24_10.png,320,320,,1,1,0,0,0
beluga_seeker_sam,satellite,<absent>22JUL31174054-P3DS_R2C2-050169967010_01_P001_24_11.png,320,320,,4,1,0,0,0
beluga_seeker_sam,satellite,<absent>22JUL31174054-P3DS_R2C2-050169967010_01_P001_24_16.png,320,320,,1,1,0,0,0
beluga_seeker_sam,satellite,<absent>22JUL31174054-P3DS_R2C2-050169967010_01_P001_24_17.png,320,320,,1,1,0,0,0
beluga_seeker_sam,satellite,<absent>22JUL31174054-P3DS_R2C2-050169967010_01_P001_24_28.png,320,320,,1,1,0,0,0
beluga_seeker_sam,satellite,<absent>22JUL31174054-P3DS_R2C2-050169967010_01_P001_25_13.png,320,320,,1,1,0,0,0
beluga_seeker_sam,satellite,<absent>22JUL31174054-P3DS_R2C2-050169967010_01_P001_25_14.png,320,320,,2,1,0,0,0
beluga_seeker_sam,satellite,<absent>22JUL31174054-P3DS_R2C2-050169967010_01_P001_25_16.png,320,320,,3,1,0,0,0
beluga_seeker_sam,satellite,<absent>22JUL31174054-P3DS_R2C2-050169967010_01_P001_26_2.png,320,320,,1,1,0,0,0
beluga_seeker_sam,satellite,<absent>22JUL31174054-P3DS_R2C2-050169967010_01_P001_28_21.png,320,320,,1,1,0,0,0
beluga_seeker_sam,satellite,<absent>22JUL31174054-P3DS_R2C2-050169967010_01_P001_29_1.png,320,320,,3,1,0,0,0
beluga_seeker_sam,satellite,<absent>22JUL31174054-P3DS_R2C2-050169967010_01_P001_29_2.png,320,320,,1,1,0,0,0
beluga_seeker_sam,satellite,<absent>22JUL31174054-P3DS_R2C2-050169967010_01_P001_29_4.png,320,320,,1,1,0,0,0
beluga_seeker_sam,satellite,<absent>22JUL31174054-P3DS_R2C2-050169967010_01_P001_30_2.png,320,320,,5,1,0,0,0
beluga_seeker_sam,satellite,<absent>22JUL31174054-P3DS_R2C2-050169967010_01_P001_30_20.png,320,320,,2,1,0,0,0
beluga_seeker_sam,satellite,<absent>22JUL31174054-P3DS_R2C2-050169967010_01_P001_30_28.png,320,320,,1,1,0,0,0
beluga_seeker_sam,satellite,<absent>22JUL31174054-P3DS_R2C2-050169967010_01_P001_30_5.png,320,320,,2,1,0,0,0
beluga_seeker_sam,satellite,<absent>22JUL31174054-P3DS_R2C2-050169967010_01_P001_31_1.png,320,320,,3,1,0,0,0
beluga_seeker_sam,satellite,<absent>22JUL31174054-P3DS_R2C2-050169967010_01_P001_31_9.png,320,320,,1,1,0,0,0
beluga_seeker_sam,satellite,<absent>22JUL31174054-P3DS_R2C2-050169967010_01_P001_32_21.png,320,320,,2,1,0,0,0
beluga_seeker_sam,satellite,<absent>22JUL31174054-P3DS_R2C2-050169967010_01_P001_32_25.png,320,320,,1,1,0,0,0
beluga_seeker_sam,satellite,<absent>22JUL31174054-P3DS_R2C2-050169967010_01_P001_32_5.png,320,320,,4,1,0,0,0
beluga_seeker_sam,satellite,<absent>22JUL31174054-P3DS_R2C2-050169967010_01_P001_33_1.png,320,320,,1,1,0,0,0
beluga_seeker_sam,satellite,<absent>22JUL31174054-P3DS_R2C2-050169967010_01_P001_33_17.png,320,320,,1,1,0,0,0
beluga_seeker_sam,satellite,<absent>22JUL31174054-P3DS_R2C2-050169967010_01_P001_33_7.png,320,320,,1,1,0,0,0
beluga_seeker_sam,satellite,<absent>22JUL31174054-P3DS_R2C2-050169967010_01_P001_33_9.png,320,320,,2,1,0,0,0
beluga_seeker_sam,satellite,<absent>22JUL31174054-P3DS_R2C2-050169967010_01_P001_34_1.png,320,320,,1,1,0,0,0
beluga_seeker_sam,satellite,<absent>22JUL31174054-P3DS_R2C2-050169967010_01_P001_34_4.png,320,320,,2,1,0,0,0
beluga_seeker_sam,satellite,<absent>22JUL31174054-P3DS_R2C2-050169967010_01_P001_34_8.png,320,320,,2,1,0,0,0
beluga_seeker_sam,satellite,<absent>22JUL31174054-P3DS_R2C2-050169967010_01_P001_35_3.png,320,320,,1,1,0,0,0
beluga_seeker_sam,satellite,<absent>22JUL31174054-P3DS_R2C2-050169967010_01_P001_35_4.png,320,320,,2,1,0,0,0
beluga_seeker_sam,satellite,<absent>22JUL31174054-P3DS_R2C2-050169967010_01_P001_35_5.png,320,320,,2,1,0,0,0
beluga_seeker_sam,satellite,<absent>22JUL31174054-P3DS_R2C2-050169967010_01_P001_36_1.png,320,320,,3,1,0,0,0
beluga_seeker_sam,satellite,<absent>22JUL31174054-P3DS_R2C2-050169967010_01_P001_36_13.png,320,320,,1,1,0,0,0
beluga_seeker_sam,satellite,<absent>22JUL31174054-P3DS_R2C2-050169967010_01_P001_36_14.png,320,320,,3,1,0,0,0
beluga_seeker_sam,satellite,<absent>22JUL31174054-P3DS_R2C2-050169967010_01_P001_36_6.png,320,320,,2,1,0,0,0
beluga_seeker_sam,satellite,<absent>22JUL31174054-P3DS_R2C2-050169967010_01_P001_36_7.png,320,320,,2,1,0,0,0
beluga_seeker_sam,satellite,<absent>22JUL31174054-P3DS_R2C2-050169967010_01_P001_37_1.png,320,320,,1,1,0,0,0
beluga_seeker_sam,satellite,<absent>22JUL31174054-P3DS_R2C2-050169967010_01_P001_37_2.png,320,320,,1,1,0,0,0
beluga_seeker_sam,satellite,<absent>22JUL31174054-P3DS_R2C2-050169967010_01_P001_38_1.png,320,320,,1,1,0,0,0
beluga_seeker_sam,satellite,<absent>22JUL31174054-P3DS_R2C2-050169967010_01_P001_38_2.png,320,320,,2,1,0,0,0
beluga_seeker_sam,satellite,<absent>22JUL31174054-P3DS_R2C2-050169967010_01_P001_38_3.png,320,320,,1,1,0,0,0
beluga_seeker_sam,satellite,<absent>22JUL31174054-P3DS_R2C2-050169967010_01_P001_38_5.png,320,320,,1,1,0,0,0
beluga_seeker_sam,satellite,<absent>22JUL31174054-P3DS_R2C2-050169967010_01_P001_39_3.png,320,320,,6,1,0,0,0
beluga_seeker_sam,satellite,<absent>22JUL31174054-P3DS_R2C2-050169967010_01_P001_39_5.png,320,320,,5,1,0,0,0
beluga_seeker_sam,satellite,<absent>22JUL31174054-P3DS_R2C2-050169967010_01_P001_41_9.png,320,320,,6,1,0,0,0
beluga_seeker_sam,satellite,<absent>22JUL31174054-P3DS_R2C2-050169967010_01_P001_42_11.png,320,320,,1,1,0,0,0
beluga_seeker_sam,satellite,<absent>22JUL31174054-P3DS_R2C2-050169967010_01_P001_43_10.png,320,320,,5,1,0,0,0
beluga_seeker_sam,satellite,<absent>22JUL31174054-P3DS_R2C2-050169967010_01_P001_43_11.png,320,320,,5,1,0,0,0
beluga_seeker_sam,satellite,<absent>22JUL31174054-P3DS_R2C2-050169967010_01_P001_43_14.png,320,320,,2,1,0,0,0
beluga_seeker_sam,satellite,<absent>22JUL31174054-P3DS_R2C2-050169967010_01_P001_43_17.png,320,320,,1,1,0,0,0
beluga_seeker_sam,satellite,<absent>22JUL31174054-P3DS_R2C2-050169967010_01_P001_43_6.png,320,320,,1,1,0,0,0
beluga_seeker_sam,satellite,<absent>22JUL31174054-P3DS_R2C2-050169967010_01_P001_43_7.png,320,320,,3,1,0,0,0
beluga_seeker_sam,satellite,<absent>22JUL31174054-P3DS_R2C2-050169967010_01_P001_43_8.png,320,320,,3,1,0,0,0
beluga_seeker_sam,satellite,<absent>22JUL31174054-P3DS_R2C2-050169967010_01_P001_44_10.png,320,320,,4,1,0,0,0
beluga_seeker_sam,satellite,<absent>22JUL31174054-P3DS_R2C2-050169967010_01_P001_44_12.png,320,320,,16,1,0,0,0
beluga_seeker_sam,satellite,<absent>22JUL31174054-P3DS_R2C2-050169967010_01_P001_44_13.png,320,320,,1,1,0,0,0
beluga_seeker_sam,satellite,<absent>22JUL31174054-P3DS_R2C2-050169967010_01_P001_44_14.png,320,320,,1,1,0,0,0
beluga_seeker_sam,satellite,<absent>22JUL31174054-P3DS_R2C2-050169967010_01_P001_44_7.png,320,320,,1,1,0,0,0
beluga_seeker_sam,satellite,<absent>22JUL31174054-P3DS_R2C2-050169967010_01_P001_44_8.png,320,320,,4,1,0,0,0
beluga_seeker_sam,satellite,<absent>22JUL31174054-P3DS_R2C2-050169967010_01_P001_44_9.png,320,320,,10,1,0,0,0
beluga_seeker_sam,satellite,<absent>22JUL31174054-P3DS_R2C2-050169967010_01_P001_45_12.png,320,320,,10,1,0,0,0
beluga_seeker_sam,satellite,<absent>22JUL31174054-P3DS_R2C2-050169967010_01_P001_45_13.png,320,320,,4,1,0,0,0
beluga_seeker_sam,satellite,<absent>22JUL31174054-P3DS_R2C2-050169967010_01_P001_45_18.png,320,320,,1,1,0,0,0
beluga_seeker_sam,satellite,<absent>22JUL31174054-P3DS_R2C2-050169967010_01_P001_46_12.png,320,320,,1,1,0,0,0
beluga_seeker_sam,satellite,<absent>22JUL31174054-P3DS_R2C2-050169967010_01_P001_46_13.png,320,320,,12,1,0,0,0
beluga_seeker_sam,satellite,<absent>22JUL31174054-P3DS_R2C2-050169967010_01_P001_46_14.png,320,320,,2,1,0,0,0
beluga_seeker_sam,satellite,<absent>22JUL31174054-P3DS_R2C2-050169967010_01_P001_47_1.png,320,320,,1,1,0,0,0
beluga_seeker_sam,satellite,<absent>22JUL31174054-P3DS_R2C2-050169967010_01_P001_47_13.png,320,320,,9,1,0,0,0
beluga_seeker_sam,satellite,<absent>22JUL31174054-P3DS_R2C2-050169967010_01_P001_47_14.png,320,320,,1,1,0,0,0
beluga_seeker_sam,satellite,<absent>22JUL31174054-P3DS_R2C2-050169967010_01_P001_47_15.png,320,320,,1,1,0,0,0
beluga_seeker_sam,satellite,<absent>22JUL31174054-P3DS_R2C2-050169967010_01_P001_48_19.png,320,320,,1,1,0,0,0
beluga_seeker_sam,satellite,<absent>22JUL31174054-P3DS_R2C2-050169967010_01_P001_49_16.png,320,320,,1,1,0,0,0
beluga_seeker_sam,satellite,<absent>22JUL31174054-P3DS_R2C2-050169967010_01_P001_49_17.png,320,320,,4,1,0,0,0
beluga_seeker_sam,satellite,<absent>22JUL31174054-P3DS_R2C2-050169967010_01_P001_49_18.png,320,320,,1,1,0,0,0
beluga_seeker_sam,satellite,<absent>22JUL31174054-P3DS_R2C2-050169967010_01_P001_49_19.png,320,320,,1,1,0,0,0
beluga_seeker_sam,satellite,<absent>22JUL31174054-P3DS_R2C2-050169967010_01_P001_50_16.png,320,320,,4,1,0,0,0
beluga_seeker_sam,satellite,<absent>22JUL31174054-P3DS_R2C2-050169967010_01_P001_50_17.png,320,320,,1,1,0,0,0
beluga_seeker_sam,satellite,<absent>22JUL31174054-P3DS_R3C1-050169967010_01_P001_0_47.png,320,320,,1,1,0,0,0
beluga_seeker_sam,satellite,<absent>22JUL31174054-P3DS_R3C1-050169967010_01_P001_0_49.png,320,320,,2,1,0,0,0
beluga_seeker_sam,satellite,<absent>22JUL31174054-P3DS_R3C1-050169967010_01_P001_10_46.png,320,320,,1,1,0,0,0
beluga_seeker_sam,satellite,<absent>22JUL31174054-P3DS_R3C1-050169967010_01_P001_10_51.png,320,320,,1,1,0,0,0
beluga_seeker_sam,satellite,<absent>22JUL31174054-P3DS_R3C1-050169967010_01_P001_11_46.png,320,320,,1,1,0,0,0
beluga_seeker_sam,satellite,<absent>22JUL31174054-P3DS_R3C1-050169967010_01_P001_13_46.png,320,320,,1,1,0,0,0
beluga_seeker_sam,satellite,<absent>22JUL31174054-P3DS_R3C1-050169967010_01_P001_13_48.png,320,320,,1,1,0,0,0
beluga_seeker_sam,satellite,<absent>22JUL31174054-P3DS_R3C1-050169967010_01_P001_14_46.png,320,320,,1,1,0,0,0
beluga_seeker_sam,satellite,<absent>22JUL31174054-P3DS_R3C1-050169967010_01_P001_14_47.png,320,320,,2,1,0,0,0
beluga_seeker_sam,satellite,<absent>22JUL31174054-P3DS_R3C1-050169967010_01_P001_1_47.png,320,320,,2,1,0,0,0
beluga_seeker_sam,satellite,<absent>22JUL31174054-P3DS_R3C1-050169967010_01_P001_5_47.png,320,320,,1,1,0,0,0
beluga_seeker_sam,satellite,<absent>22JUL31174054-P3DS_R3C1-050169967010_01_P001_8_44.png,320,320,,1,1,0,0,0
beluga_seeker_sam,satellite,<absent>22JUL31174054-P3DS_R3C1-050169967010_01_P001_8_46.png,320,320,,2,1,0,0,0
beluga_seeker_sam,satellite,<absent>22JUL31174054-P3DS_R3C1-050169967010_01_P001_8_50.png,320,320,,2,1,0,0,0
beluga_seeker_sam,satellite,<absent>22JUL31174054-P3DS_R3C1-050169967010_01_P001_9_47.png,320,320,,1,1,0,0,0
beluga_seeker_sam,satellite,<absent>22JUL31174054-P3DS_R3C2-050169967010_01_P001_0_21.png,320,320,,1,1,0,0,0
beluga_seeker_sam,satellite,<absent>22JUL31174054-P3DS_R3C2-050169967010_01_P001_10_5.png,320,320,,1,1,0,0,0
beluga_seeker_sam,satellite,<absent>22JUL31174054-P3DS_R3C2-050169967010_01_P001_11_1.png,320,320,,1,1,0,0,0
beluga_seeker_sam,satellite,<absent>22JUL31174054-P3DS_R3C2-050169967010_01_P001_11_2.png,320,320,,1,1,0,0,0
beluga_seeker_sam,satellite,<absent>22JUL31174054-P3DS_R3C2-050169967010_01_P001_11_4.png,320,320,,7,1,0,0,0
beluga_seeker_sam,satellite,<absent>22JUL31174054-P3DS_R3C2-050169967010_01_P001_12_4.png,320,320,,5,1,0,0,0
beluga_seeker_sam,satellite,<absent>22JUL31174054-P3DS_R3C2-050169967010_01_P001_12_7.png,320,320,,2,1,0,0,0
beluga_seeker_sam,satellite,<absent>22JUL31174054-P3DS_R3C2-050169967010_01_P001_13_0.png,320,320,,1,1,0,0,0
beluga_seeker_sam,satellite,<absent>22JUL31174054-P3DS_R3C2-050169967010_01_P001_13_2.png,320,320,,1,1,0,0,0
beluga_seeker_sam,satellite,<absent>22JUL31174054-P3DS_R3C2-050169967010_01_P001_13_8.png,320,320,,1,1,0,0,0
beluga_seeker_sam,satellite,<absent>22JUL31174054-P3DS_R3C2-050169967010_01_P001_14_3.png,320,320,,2,1,0,0,0
beluga_seeker_sam,satellite,<absent>22JUL31174054-P3DS_R3C2-050169967010_01_P001_14_4.png,320,320,,1,1,0,0,0
beluga_seeker_sam,satellite,<absent>22JUL31174054-P3DS_R3C2-050169967010_01_P001_14_9.png,320,320,,2,1,0,0,0
beluga_seeker_sam,satellite,<absent>22JUL31174054-P3DS_R3C2-050169967010_01_P001_15_1.png,320,320,,2,1,0,0,0
beluga_seeker_sam,satellite,<absent>22JUL31174054-P3DS_R3C2-050169967010_01_P001_15_3.png,320,320,,2,1,0,0,0
beluga_seeker_sam,satellite,<absent>22JUL31174054-P3DS_R3C2-050169967010_01_P001_15_4.png,320,320,,6,1,0,0,0
beluga_seeker_sam,satellite,<absent>22JUL31174054-P3DS_R3C2-050169967010_01_P001_15_5.png,320,320,,2,1,0,0,0
beluga_seeker_sam,satellite,<absent>22JUL31174054-P3DS_R3C2-050169967010_01_P001_16_2.png,320,320,,2,1,0,0,0
beluga_seeker_sam,satellite,<absent>22JUL31174054-P3DS_R3C2-050169967010_01_P001_16_3.png,320,320,,7,1,0,0,0
beluga_seeker_sam,satellite,<absent>22JUL31174054-P3DS_R3C2-050169967010_01_P001_16_4.png,320,320,,4,1,0,0,0
beluga_seeker_sam,satellite,<absent>22JUL31174054-P3DS_R3C2-050169967010_01_P001_16_7.png,320,320,,1,1,0,0,0
beluga_seeker_sam,satellite,<absent>22JUL31174054-P3DS_R3C2-050169967010_01_P001_17_3.png,320,320,,1,1,0,0,0
beluga_seeker_sam,satellite,<absent>22JUL31174054-P3DS_R3C2-050169967010_01_P001_1_20.png,320,320,,2,1,0,0,0
beluga_seeker_sam,satellite,<absent>22JUL31174054-P3DS_R3C2-050169967010_01_P001_5_3.png,320,320,,1,1,0,0,0
beluga_seeker_sam,satellite,<absent>22JUL31174054-P3DS_R3C2-050169967010_01_P001_5_4.png,320,320,,1,1,0,0,0
beluga_seeker_sam,satellite,<absent>22JUL31174054-P3DS_R3C2-050169967010_01_P001_6_22.png,320,320,,3,1,0,0,0
beluga_seeker_sam,satellite,<absent>22JUL31174054-P3DS_R3C2-050169967010_01_P001_6_3.png,320,320,,1,1,0,0,0
beluga_seeker_sam,satellite,<absent>22JUL31174054-P3DS_R3C2-050169967010_01_P001_7_0.png,320,320,,6,1,0,0,0
beluga_seeker_sam,satellite,<absent>22JUL31174054-P3DS_R3C2-050169967010_01_P001_7_24.png,320,320,,1,1,0,0,0
beluga_seeker_sam,satellite,<absent>22JUL31174054-P3DS_R3C2-050169967010_01_P001_9_1.png,320,320,,4,1,0,0,0
beluga_seeker_sam,satellite,<absent>22JUL31174054-P3DS_R3C2-050169967010_01_P001_9_5.png,320,320,,1,1,0,0,0
